{"cameraMode":{"drawMode":0,"name":"Shaded","section":"Shading Mode"},"sceneLighting":true,"audioPlay":false,"sceneViewState":{"m_AlwaysRefresh":false,"showFog":true,"showSkybox":true,"showFlares":true,"showImageEffects":true,"showParticleSystems":true,"showVisualEffectGraphs":true,"m_FxEnabled":true},"in2DMode":false,"pivot":{"x":13.71902847290039,"y":11.154500961303711,"z":13.339882850646973},"rotation":{"x":0.02968619391322136,"y":-0.0009028988424688578,"z":-0.000025827872377703898,"w":-0.9995632171630859},"size":22.389205932617189,"orthographic":false}